<!-- <?xml version="1.0" encoding="UTF-8"?>
<beans xmlns="http://www.springframework.org/schema/beans"
	xmlns:context="http://www.springframework.org/schema/context"
	xmlns:mvc="http://www.springframework.org/schema/mvc" 
	xmlns:xsi="http://www.w3.org/2001/XMLSchema-instance"
	xmlns:tx="http://www.springframework.org/schema/tx"
	xsi:schemaLocation="
        http://www.springframework.org/schema/beans     
        http://www.springframework.org/schema/beans/spring-beans-3.0.xsd
        http://www.springframework.org/schema/context 
        http://www.springframework.org/schema/context/spring-context-3.0.xsd
        http://www.springframework.org/schema/mvc
        http://www.springframework.org/schema/mvc/spring-mvc-3.0.xsd
        http://www.springframework.org/schema/tx 
        http://www.springframework.org/schema/tx/spring-tx-3.2.xsd">
        
        
	  <bean id ="prod" class ="com.cg.demoonespringcore.dto.Product" autowire="default">
	  <property name ="id" value="1001"></property>
	  	  <property name ="name" value="Tv"></property>
	  	  <property name ="price" value="10000.99"></property>
	  	  <property name ="description" value="Good TV"></property>
	  	  <property name="it">
	  	  <list>
	  	  <ref bean ="one"></ref>
	  	  <ref bean="two"></ref>
	  	  <ref bean ="four"></ref>
	  	  </list>
	  	  </property>
	  	  <property name="item" ref="it"></property>
	
   </bean>
	  <bean id="one" class="com.cg.demoonespringcore.dto.Item">
	  <constructor-arg index="0" value ="10001"></constructor-arg>
	  <constructor-arg index="1" value ="ABC Store"></constructor-arg>
	 <constructor-arg name="nameofShop" value="ABC Store"></constructor-arg>
	  	   <property name = "id" value = "100001"></property>
	  	  <property name = "nameofShop" value = "ABC General Store"></property> 
	  
	    </bean>
        
        	  <bean id="two" class="com.cg.demoonespringcore.dto.Item">
        	     <property name = "id" value = "100001"></property>
	  	  <property name = "nameofShop" value = "ABC General Store"></property> 
	  	  </bean>
        
        </beans> -->